ID,First_name,Last_name,Email,Gender,Date
1,Joline,Vasiltsov,jvasiltsov0@qq.com,Female,12/11/2022
2,Deborah,Rizzetti,drizzetti1@washingtonpost.com,Female,02/12/2021
3,Judah,Grattan,jgrattan2@g.co,Genderfluid,30/01/2022
4,Benedicto,Kellett,bkellett3@usatoday.com,Male,17/03/2022
5,Letta,Pidgeon,lpidgeon4@goodreads.com,Female,31/05/2022
6,Cherish,Boeter,cboeter5@t-online.de,Female,28/02/2022
7,Doloritas,Coytes,dcoytes6@xrea.com,Female,09/09/2022
8,Ximenes,Peeters,xpeeters7@bluehost.com,Male,14/06/2022
9,Alina,Billyard,abillyard8@toplist.cz,Genderqueer,12/03/2022
10,Laurene,McAneny,lmcaneny9@nps.gov,Female,08/07/2022
11,Marleah,Novis,mnovisa@so-net.ne.jp,Female,05/03/2022
12,Susan,Dumbarton,sdumbartonb@networkadvertising.org,Female,21/05/2022
13,Tabbitha,Stockey,tstockeyc@go.com,Female,20/07/2022
14,Claretta,Lawley,clawleyd@cmu.edu,Bigender,08/05/2022
15,Durand,Krier,dkriere@ocn.ne.jp,Male,19/01/2022
16,Lenore,Mitchiner,lmitchinerf@github.io,Female,11/09/2022
17,Jasen,Coyett,jcoyettg@loc.gov,Male,15/12/2021
18,Amalie,Skivington,askivingtonh@tumblr.com,Female,22/08/2022
19,Lincoln,Ladon,lladoni@posterous.com,Bigender,16/08/2022
20,Haley,Coie,hcoiej@sogou.com,Agender,13/04/2022
21,Arnold,Spring,aspringk@pcworld.com,Male,04/01/2022
22,Paton,Cornell,pcornelll@yahoo.co.jp,Male,26/07/2022
23,Anna-maria,Linforth,alinforthm@usgs.gov,Female,31/08/2022
24,Carolin,Pryell,cpryelln@bing.com,Non-binary,10/11/2022
25,Ewart,Lumb,elumbo@lulu.com,Male,01/03/2022
26,Antoine,Eplate,aeplatep@sohu.com,Male,12/03/2022
27,Johnnie,Cuffin,jcuffinq@ustream.tv,Male,20/07/2022
28,Klemens,Fruen,kfruenr@odnoklassniki.ru,Male,22/08/2022
29,Emyle,Carle,ecarles@behance.net,Female,15/07/2022
30,Cyndie,Wilkowski,cwilkowskit@comcast.net,Non-binary,27/08/2022
31,Salli,MacAllen,smacallenu@networksolutions.com,Genderqueer,08/02/2022
32,Eba,Dulton,edultonv@barnesandnoble.com,Female,25/06/2022
33,Valera,Castelot,vcastelotw@icq.com,Female,18/01/2022
34,Kenon,Cranton,kcrantonx@ocn.ne.jp,Male,12/05/2022
35,Tucky,Storrie,tstorriey@apache.org,Male,06/10/2022
36,Orel,Matic,omaticz@e-recht24.de,Female,10/08/2022
37,Etti,Forder,eforder10@behance.net,Female,11/03/2022
38,Thayne,Wills,twills11@themeforest.net,Male,10/07/2022
39,Sly,Ronchi,sronchi12@e-recht24.de,Male,17/09/2022
40,Dotti,Sellors,dsellors13@tiny.cc,Female,10/07/2022
41,Nonie,Adriani,nadriani14@qq.com,Female,15/03/2022
42,Robb,Alwell,ralwell15@bloglines.com,Male,12/07/2022
43,Alanah,Joslin,ajoslin16@cdbaby.com,Female,06/12/2021
44,Orel,Blackford,oblackford17@istockphoto.com,Female,11/09/2022
45,Rhea,Gaspero,rgaspero18@ucla.edu,Female,03/06/2022
46,Aveline,Tavernor,atavernor19@businessweek.com,Female,16/06/2022
47,Alfonso,Wilhelmy,awilhelmy1a@ox.ac.uk,Male,08/12/2021
48,Genvieve,Girdler,ggirdler1b@nytimes.com,Female,16/07/2022
49,Curt,Raffeorty,craffeorty1c@businesswire.com,Male,25/08/2022
50,Caria,Killelay,ckillelay1d@chronoengine.com,Female,28/11/2021
51,Alla,Brimmell,abrimmell1e@mediafire.com,Female,09/02/2022
52,Jocko,Ubsdell,jubsdell1f@addtoany.com,Male,01/01/2022
53,Garry,Witheridge,gwitheridge1g@mozilla.org,Male,18/12/2021
54,Trstram,Kolis,tkolis1h@dyndns.org,Male,08/05/2022
55,Etienne,Dumingo,edumingo1i@4shared.com,Male,22/09/2022
56,Joan,Hakonsson,jhakonsson1j@booking.com,Female,26/05/2022
57,Warde,Gulley,wgulley1k@miibeian.gov.cn,Male,06/08/2022
58,Drucy,Barden,dbarden1l@princeton.edu,Female,29/12/2021
59,Francesco,Twelve,ftwelve1m@tinyurl.com,Male,25/03/2022
60,Penelopa,Cridlan,pcridlan1n@list-manage.com,Female,26/10/2022
61,Julieta,Lurriman,jlurriman1o@si.edu,Female,24/12/2021
62,Darcie,Oehm,doehm1p@ibm.com,Female,02/11/2022
63,Arlene,Brotherheed,abrotherheed1q@skyrock.com,Female,01/07/2022
64,Kerry,Drover,kdrover1r@stanford.edu,Male,20/04/2022
65,Ailbert,Wahncke,awahncke1s@bbc.co.uk,Male,15/07/2022
66,Parry,Orable,porable1t@mit.edu,Male,31/05/2022
67,Shaw,Burg,sburg1u@comsenz.com,Agender,25/02/2022
68,Warren,Foss,wfoss1v@hc360.com,Male,14/02/2022
69,Hilly,Dovey,hdovey1w@tuttocitta.it,Male,05/01/2022
70,Sidoney,Jeratt,sjeratt1x@cbslocal.com,Female,14/03/2022
71,Ulrike,Stoakes,ustoakes1y@marriott.com,Female,25/05/2022
72,Mel,Izkovicz,mizkovicz1z@hatena.ne.jp,Male,10/07/2022
73,Marcellus,Petworth,mpetworth20@umn.edu,Male,05/08/2022
74,Hulda,Golding,hgolding21@merriam-webster.com,Genderqueer,10/12/2021
75,Shaine,Pock,spock22@jimdo.com,Female,02/10/2022
76,Brent,Sowerbutts,bsowerbutts23@instagram.com,Male,14/08/2022
77,Ferrell,Elks,felks24@fema.gov,Male,18/10/2022
78,Nata,Prendeguest,nprendeguest25@smugmug.com,Female,01/06/2022
79,Ayn,Mulvy,amulvy26@clickbank.net,Genderqueer,07/03/2022
80,Lovell,Bamb,lbamb27@rambler.ru,Male,22/05/2022
81,Elyn,Woodroffe,ewoodroffe28@geocities.jp,Female,18/10/2022
82,Willdon,Harlin,wharlin29@biblegateway.com,Male,30/08/2022
83,Sheba,Chislett,schislett2a@tumblr.com,Female,25/09/2022
84,Frannie,Gaule,fgaule2b@ftc.gov,Male,08/06/2022
85,Evy,Scorrer,escorrer2c@eepurl.com,Female,16/04/2022
86,Giacobo,Abbotts,gabbotts2d@hostgator.com,Male,14/09/2022
87,Shandra,Sweetsur,ssweetsur2e@trellian.com,Polygender,05/08/2022
88,Giusto,Trevear,gtrevear2f@stanford.edu,Male,16/10/2022
89,Salvidor,Albon,salbon2g@163.com,Male,10/03/2022
90,Waiter,Goldwater,wgoldwater2h@addthis.com,Male,14/05/2022
91,Tabb,Jeune,tjeune2i@cisco.com,Male,19/10/2022
92,Claudelle,Dumini,cdumini2j@cbslocal.com,Female,05/12/2021
93,Tyne,Barthelme,tbarthelme2k@people.com.cn,Female,24/06/2022
94,Rachelle,Sanbroke,rsanbroke2l@narod.ru,Agender,13/12/2021
95,Luciana,McCarroll,lmccarroll2m@over-blog.com,Female,30/06/2022
96,Cary,Harlick,charlick2n@cyberchimps.com,Female,13/02/2022
97,Nessi,Helliwell,nhelliwell2o@reddit.com,Female,16/10/2022
98,Sibelle,Shore,sshore2p@mediafire.com,Female,26/01/2022
99,Karita,Hick,khick2q@amazonaws.com,Female,22/08/2022
100,Evyn,Burgoin,eburgoin2r@vimeo.com,Agender,22/12/2021
101,Vyky,Insole,vinsole2s@wikipedia.org,Female,06/11/2022
102,Penn,Oxenford,poxenford2t@bbb.org,Male,07/06/2022
103,Adrian,Boschmann,aboschmann2u@taobao.com,Male,13/06/2022
104,Gifford,Sherrocks,gsherrocks2v@devhub.com,Male,19/06/2022
105,Corrianne,Rattray,crattray2w@cornell.edu,Female,23/06/2022
106,George,Downton,gdownton2x@dailymotion.com,Bigender,19/09/2022
107,Nonnah,Fermoy,nfermoy2y@webs.com,Agender,18/06/2022
108,Caresa,Dantesia,cdantesia2z@who.int,Female,07/09/2022
109,Pren,Carefull,pcarefull30@deviantart.com,Male,30/04/2022
110,Gabi,Sinnott,gsinnott31@bandcamp.com,Female,13/09/2022
111,Bud,Merrigans,bmerrigans32@trellian.com,Male,10/04/2022
112,Robbin,Scarse,rscarse33@archive.org,Female,06/02/2022
113,Dwayne,Calderon,dcalderon34@51.la,Male,10/10/2022
114,Jackson,Doulden,jdoulden35@addthis.com,Male,20/11/2022
115,Dolly,Itzcovich,ditzcovich36@youtu.be,Female,28/06/2022
116,Clemmie,Dulson,cdulson37@cargocollective.com,Male,05/11/2022
117,Mata,Buzza,mbuzza38@newyorker.com,Male,19/12/2021
118,Basile,O'Gormley,bogormley39@google.de,Male,25/01/2022
119,Cam,Burghill,cburghill3a@skype.com,Male,29/03/2022
120,Berkley,Wickmann,bwickmann3b@tinypic.com,Male,19/09/2022
121,Farr,Olliff,folliff3c@w3.org,Male,04/02/2022
122,Virgilio,Bartlomiej,vbartlomiej3d@so-net.ne.jp,Male,03/05/2022
123,Talia,Cullip,tcullip3e@examiner.com,Female,19/03/2022
124,Cairistiona,Wyldbore,cwyldbore3f@webmd.com,Female,22/01/2022
125,Gypsy,Ladbury,gladbury3g@theglobeandmail.com,Female,03/06/2022
126,Pier,Garvill,pgarvill3h@blinklist.com,Female,16/02/2022
127,Avram,Corbett,acorbett3i@dedecms.com,Male,19/10/2022
128,Annalee,Stannett,astannett3j@surveymonkey.com,Female,15/11/2022
129,Akim,Bosomworth,abosomworth3k@webnode.com,Male,06/01/2022
130,Waylon,Roggieri,wroggieri3l@theguardian.com,Male,24/06/2022
131,Hedda,Hoy,hhoy3m@indiatimes.com,Female,21/12/2021
132,Hildagard,Paslow,hpaslow3n@devhub.com,Female,04/10/2022
133,Corissa,Grinval,cgrinval3o@liveinternet.ru,Female,19/04/2022
134,Ferdie,Chasteau,fchasteau3p@github.com,Male,06/02/2022
135,Ches,Trevaskiss,ctrevaskiss3q@senate.gov,Male,13/09/2022
136,Hamel,Hickford,hhickford3r@360.cn,Male,31/07/2022
137,Ross,Kennion,rkennion3s@cdc.gov,Male,19/01/2022
138,Cherlyn,Gethings,cgethings3t@godaddy.com,Female,17/08/2022
139,Lukas,Foote,lfoote3u@dell.com,Male,04/01/2022
140,Grazia,Konzelmann,gkonzelmann3v@globo.com,Polygender,08/12/2021
141,Milt,Andreix,mandreix3w@instagram.com,Male,19/11/2022
142,Anitra,Dahlgren,adahlgren3x@photobucket.com,Female,30/04/2022
143,Miltie,Demangeot,mdemangeot3y@google.pl,Polygender,10/12/2021
144,Felic,Ladbury,fladbury3z@washington.edu,Male,12/11/2022
145,Rania,Boatwright,rboatwright40@goodreads.com,Female,08/08/2022
146,Arther,Barkess,abarkess41@gmpg.org,Male,22/07/2022
147,Gregg,Isakowicz,gisakowicz42@discovery.com,Male,05/07/2022
148,Angie,Tregona,atregona43@gizmodo.com,Male,30/08/2022
149,Donall,Danher,ddanher44@upenn.edu,Male,07/09/2022
150,Thornton,Mart,tmart45@prnewswire.com,Male,06/10/2022
151,Corey,MacRitchie,cmacritchie46@last.fm,Female,07/08/2022
152,Galven,Gowers,ggowers47@mozilla.org,Male,15/08/2022
153,Izzy,Doxey,idoxey48@xing.com,Male,16/08/2022
154,Monte,Bompass,mbompass49@dmoz.org,Male,17/02/2022
155,Gerard,Linfitt,glinfitt4a@taobao.com,Male,14/05/2022
156,Candi,Birkinshaw,cbirkinshaw4b@wikipedia.org,Female,20/07/2022
157,Zoe,Taaffe,ztaaffe4c@archive.org,Female,04/09/2022
158,Freeman,Strase,fstrase4d@exblog.jp,Male,03/10/2022
159,Gerrilee,Penburton,gpenburton4e@washington.edu,Female,25/06/2022
160,Rheta,Storer,rstorer4f@opensource.org,Female,22/08/2022
161,Etheline,Enoch,eenoch4g@moonfruit.com,Female,10/12/2021
162,Bobbye,Trahmel,btrahmel4h@t.co,Non-binary,29/04/2022
163,Farrel,Loveless,floveless4i@shinystat.com,Male,27/08/2022
164,Libby,Le Blanc,lleblanc4j@bloglovin.com,Female,11/04/2022
165,Rozina,Beckers,rbeckers4k@tinypic.com,Female,22/03/2022
166,Eudora,Cicetti,ecicetti4l@histats.com,Female,03/12/2021
167,Dino,Nickerson,dnickerson4m@nhs.uk,Male,29/12/2021
168,Delila,De Bischop,ddebischop4n@businessinsider.com,Female,05/05/2022
169,Werner,Swapp,wswapp4o@hexun.com,Male,18/01/2022
170,Bay,Farraway,bfarraway4p@bandcamp.com,Male,26/06/2022
171,Christel,Wastie,cwastie4q@prnewswire.com,Non-binary,02/12/2021
172,Hettie,Henstridge,hhenstridge4r@wired.com,Female,31/12/2021
173,Olva,Zoellner,ozoellner4s@huffingtonpost.com,Female,30/07/2022
174,Robinia,Brenneke,rbrenneke4t@ameblo.jp,Bigender,21/05/2022
175,Silvester,Moulson,smoulson4u@360.cn,Male,19/12/2021
176,Odilia,Menel,omenel4v@admin.ch,Female,05/11/2022
177,Murial,Ethridge,methridge4w@google.es,Female,13/10/2022
178,Lane,Earengey,learengey4x@dot.gov,Male,29/10/2022
179,Yevette,Bowick,ybowick4y@domainmarket.com,Female,26/02/2022
180,Kippie,Phillps,kphillps4z@alexa.com,Male,07/09/2022
181,Birgitta,Humburton,bhumburton50@slate.com,Female,07/02/2022
182,Chris,Wakefield,cwakefield51@digg.com,Male,17/05/2022
183,Zechariah,Mucklo,zmucklo52@ibm.com,Non-binary,17/09/2022
184,Shalne,Birdwistle,sbirdwistle53@webnode.com,Polygender,09/12/2021
185,Stanleigh,Vogeler,svogeler54@usa.gov,Male,16/09/2022
186,Gallagher,Madden,gmadden55@google.cn,Male,09/06/2022
187,Gerianna,Hellwich,ghellwich56@addtoany.com,Female,22/03/2022
188,Roanna,Hannaway,rhannaway57@plala.or.jp,Female,20/09/2022
189,Reeba,Worman,rworman58@buzzfeed.com,Female,20/02/2022
190,Rodrigo,Dawkins,rdawkins59@jalbum.net,Male,16/10/2022
191,Benito,Hachard,bhachard5a@google.pl,Male,16/06/2022
192,Kennan,Warriner,kwarriner5b@bloglovin.com,Genderqueer,07/09/2022
193,Garrett,Dripps,gdripps5c@weebly.com,Male,03/01/2022
194,Waiter,Davis,wdavis5d@hugedomains.com,Male,02/03/2022
195,Charles,Assender,cassender5e@twitter.com,Agender,24/08/2022
196,Margi,Musto,mmusto5f@sfgate.com,Female,04/05/2022
197,Nadeen,Hawe,nhawe5g@hatena.ne.jp,Female,14/04/2022
198,Fidelio,Wipper,fwipper5h@skyrock.com,Male,15/05/2022
199,Feliza,Sutterby,fsutterby5i@slideshare.net,Female,09/12/2021
200,Adele,Costock,acostock5j@trellian.com,Female,15/07/2022
201,Richie,Fonte,rfonte5k@barnesandnoble.com,Male,27/10/2022
202,Nesta,Eighteen,neighteen5l@odnoklassniki.ru,Female,18/07/2022
203,Cassy,Caberas,ccaberas5m@hostgator.com,Female,25/05/2022
204,Paloma,Harbar,pharbar5n@blogs.com,Female,10/02/2022
205,Zaccaria,Bowhey,zbowhey5o@pcworld.com,Male,10/11/2022
206,Oliy,Keling,okeling5p@ustream.tv,Bigender,25/04/2022
207,Evered,Breeze,ebreeze5q@blog.com,Polygender,24/03/2022
208,Kermie,Danick,kdanick5r@tripod.com,Male,30/03/2022
209,Dena,Lacknor,dlacknor5s@google.fr,Female,27/02/2022
210,Crystie,Sissens,csissens5t@mashable.com,Bigender,10/11/2022
211,Noel,Aronow,naronow5u@usgs.gov,Female,08/03/2022
212,Rickey,Vidyapin,rvidyapin5v@usgs.gov,Male,30/04/2022
213,Robbert,Hadgkiss,rhadgkiss5w@a8.net,Polygender,28/03/2022
214,Judd,Tremmil,jtremmil5x@paginegialle.it,Male,17/10/2022
215,Rodina,Gueste,rgueste5y@studiopress.com,Female,04/06/2022
216,Cazzie,Breznovic,cbreznovic5z@theguardian.com,Male,08/06/2022
217,Grethel,Reisk,greisk60@prweb.com,Female,06/06/2022
218,Sanford,Gelderd,sgelderd61@sciencedirect.com,Male,08/02/2022
219,Sascha,Oley,soley62@springer.com,Male,12/11/2022
220,Antonetta,Danilovic,adanilovic63@bbc.co.uk,Female,03/10/2022
221,Massimiliano,Powlesland,mpowlesland64@flavors.me,Male,24/01/2022
222,Jules,Bransden,jbransden65@wired.com,Male,05/07/2022
223,Georgy,Chamberlen,gchamberlen66@live.com,Male,09/01/2022
224,Mohammed,Tibbs,mtibbs67@yellowbook.com,Male,20/07/2022
225,Ross,Tampion,rtampion68@washingtonpost.com,Male,20/06/2022
226,Berti,Hatherleigh,bhatherleigh69@smh.com.au,Female,20/12/2021
227,Nert,Deverill,ndeverill6a@posterous.com,Female,20/12/2021
228,Olga,Inkpen,oinkpen6b@squidoo.com,Female,15/03/2022
229,Harley,Magne,hmagne6c@technorati.com,Male,19/10/2022
230,Abelard,Wheelband,awheelband6d@cargocollective.com,Male,01/11/2022
231,Bartolomeo,Gladyer,bgladyer6e@indiegogo.com,Male,12/06/2022
232,Vern,Faireclough,vfaireclough6f@whitehouse.gov,Male,02/07/2022
233,Dusty,Curnick,dcurnick6g@goo.ne.jp,Female,09/11/2022
234,Sigismund,Hummerston,shummerston6h@digg.com,Male,20/01/2022
235,Melisa,Rihanek,mrihanek6i@qq.com,Female,31/01/2022
236,Eward,Canton,ecanton6j@hp.com,Male,21/05/2022
237,Jay,Ferris,jferris6k@hao123.com,Male,21/09/2022
238,Dunn,Sollom,dsollom6l@a8.net,Male,17/09/2022
239,Jarred,Coram,jcoram6m@jiathis.com,Male,25/12/2021
240,Hilliard,Hatto,hhatto6n@i2i.jp,Male,29/11/2021
241,Iris,Jachtym,ijachtym6o@cocolog-nifty.com,Female,15/04/2022
242,Mehetabel,Bowlesworth,mbowlesworth6p@ovh.net,Female,02/03/2022
243,Nessa,MacKinnon,nmackinnon6q@epa.gov,Female,19/04/2022
244,Justinn,Morl,jmorl6r@blog.com,Female,12/07/2022
245,Dale,Ortet,dortet6s@gov.uk,Female,28/08/2022
246,Fawn,Mathou,fmathou6t@latimes.com,Female,03/07/2022
247,Deborah,Challicum,dchallicum6u@nifty.com,Female,06/05/2022
248,Ede,O'Dowling,eodowling6v@cpanel.net,Female,23/04/2022
249,Vladamir,Gillingwater,vgillingwater6w@4shared.com,Male,15/04/2022
250,Nealy,Kinsella,nkinsella6x@cocolog-nifty.com,Male,15/06/2022
251,Orazio,Bowery,obowery6y@ifeng.com,Male,24/09/2022
252,Raddie,Syratt,rsyratt6z@amazon.co.uk,Male,15/06/2022
253,Tedie,Ripping,tripping70@flickr.com,Male,28/01/2022
254,Otho,Eyree,oeyree71@networksolutions.com,Male,17/06/2022
255,Pennie,Lukianovich,plukianovich72@topsy.com,Female,21/02/2022
256,Tamiko,Hews,thews73@lulu.com,Female,13/05/2022
257,Laryssa,Drillot,ldrillot74@businessweek.com,Female,24/03/2022
258,Dacia,Fulcher,dfulcher75@techcrunch.com,Female,06/12/2021
259,Ric,Reynold,rreynold76@taobao.com,Male,16/12/2021
260,Roderigo,Locksley,rlocksley77@istockphoto.com,Male,25/12/2021
261,Fancy,Buggs,fbuggs78@sourceforge.net,Female,28/06/2022
262,Tyne,Bondley,tbondley79@w3.org,Female,31/10/2022
263,Brigida,Road,broad7a@tiny.cc,Female,14/05/2022
264,Wally,Mengo,wmengo7b@mapy.cz,Male,14/11/2022
265,Faina,Cheeney,fcheeney7c@kickstarter.com,Female,13/05/2022
266,Selma,Mateescu,smateescu7d@economist.com,Female,06/10/2022
267,Olivette,Kinlock,okinlock7e@cmu.edu,Female,01/04/2022
268,Myranda,Bradder,mbradder7f@google.fr,Female,27/07/2022
269,Kaye,Wychard,kwychard7g@bandcamp.com,Female,06/10/2022
270,Elmo,Madle,emadle7h@engadget.com,Male,29/12/2021
271,Marylinda,Rebillard,mrebillard7i@hugedomains.com,Polygender,09/05/2022
272,Nicoline,Boken,nboken7j@loc.gov,Female,17/10/2022
273,Teena,Cyster,tcyster7k@digg.com,Female,27/07/2022
274,Augustina,Piotrowski,apiotrowski7l@freewebs.com,Female,08/05/2022
275,Penni,Panner,ppanner7m@merriam-webster.com,Female,28/07/2022
276,Emma,Ilem,eilem7n@stumbleupon.com,Female,03/07/2022
277,Forrester,Anstiss,fanstiss7o@guardian.co.uk,Male,26/03/2022
278,Skippie,Leguay,sleguay7p@ezinearticles.com,Male,09/04/2022
279,Lurette,Olliffe,lolliffe7q@wunderground.com,Female,26/03/2022
280,Pauline,Hutchin,phutchin7r@dyndns.org,Female,18/10/2022
281,Richy,Truitt,rtruitt7s@cnet.com,Male,15/04/2022
282,Annmaria,Saphin,asaphin7t@icq.com,Female,17/10/2022
283,Cirillo,Gaven,cgaven7u@bravesites.com,Male,09/02/2022
284,Mozes,Bayliss,mbayliss7v@yandex.ru,Male,05/06/2022
285,Kissie,Lipsett,klipsett7w@ox.ac.uk,Female,14/06/2022
286,Charleen,Oaten,coaten7x@cnn.com,Female,14/11/2022
287,Petronille,Blumsom,pblumsom7y@so-net.ne.jp,Female,25/12/2021
288,Charo,Downs,cdowns7z@howstuffworks.com,Female,30/08/2022
289,Reta,Dotterill,rdotterill80@barnesandnoble.com,Female,09/12/2021
290,Alaster,Tante,atante81@mtv.com,Male,17/05/2022
291,Elbertine,Lethbridge,elethbridge82@ftc.gov,Female,17/12/2021
292,Griffie,Hirschmann,ghirschmann83@cnn.com,Male,16/11/2022
293,Jacobo,Perschke,jperschke84@ucla.edu,Male,01/08/2022
294,Angy,Langlois,alanglois85@omniture.com,Female,16/05/2022
295,Coretta,Fillgate,cfillgate86@purevolume.com,Female,14/10/2022
296,Nataniel,Dymond,ndymond87@stanford.edu,Male,30/07/2022
297,Raffarty,Wilfinger,rwilfinger88@mysql.com,Agender,01/03/2022
298,Bili,Winley,bwinley89@bing.com,Female,29/06/2022
299,Emma,Beeckx,ebeeckx8a@oracle.com,Female,12/02/2022
300,Edee,Fellgett,efellgett8b@yellowbook.com,Female,20/09/2022
301,Kerstin,Capelen,kcapelen8c@auda.org.au,Female,08/09/2022
302,Wilbert,Mogenot,wmogenot8d@cnn.com,Agender,15/05/2022
303,Cyrus,Nerval,cnerval8e@ebay.com,Male,10/11/2022
304,Gunner,Duesberry,gduesberry8f@berkeley.edu,Male,28/08/2022
305,Joye,Reston,jreston8g@usgs.gov,Female,09/03/2022
306,Alfons,Calbreath,acalbreath8h@umn.edu,Male,03/05/2022
307,Evvy,Muge,emuge8i@earthlink.net,Female,19/01/2022
308,Isabeau,Payle,ipayle8j@domainmarket.com,Female,31/12/2021
309,Lianna,Retallick,lretallick8k@joomla.org,Female,26/09/2022
310,Sybil,Guye,sguye8l@com.com,Female,22/12/2021
311,Lydia,Spuffard,lspuffard8m@diigo.com,Female,13/10/2022
312,Sydel,Matyukon,smatyukon8n@list-manage.com,Female,15/02/2022
313,Arin,Colston,acolston8o@amazon.co.uk,Male,08/12/2021
314,Matteo,MacCome,mmaccome8p@tumblr.com,Male,04/03/2022
315,Julianna,Okenden,jokenden8q@quantcast.com,Female,30/08/2022
316,Briny,Beat,bbeat8r@hostgator.com,Female,22/06/2022
317,Merrielle,Wickenden,mwickenden8s@topsy.com,Female,25/05/2022
318,Chalmers,Burton,cburton8t@amazon.co.uk,Male,16/03/2022
319,Jesus,Dupoy,jdupoy8u@fema.gov,Male,14/10/2022
320,Tristan,Ebbens,tebbens8v@addthis.com,Male,06/12/2021
321,Stacey,Seacroft,sseacroft8w@ucoz.ru,Female,15/08/2022
322,Stephenie,Norheny,snorheny8x@nih.gov,Female,10/10/2022
323,Silvester,Cortin,scortin8y@fastcompany.com,Male,15/12/2021
324,Jeniffer,Dargan,jdargan8z@freewebs.com,Female,13/10/2022
325,Flin,Millions,fmillions90@privacy.gov.au,Male,02/09/2022
326,Sigfrid,Ilyinykh,silyinykh91@hatena.ne.jp,Male,12/03/2022
327,Yettie,Vinnicombe,yvinnicombe92@wikia.com,Female,06/12/2021
328,Taffy,Ladbury,tladbury93@pen.io,Genderfluid,18/01/2022
329,Fredric,Keogh,fkeogh94@stumbleupon.com,Male,04/10/2022
330,Marci,Baytrop,mbaytrop95@rakuten.co.jp,Female,16/01/2022
331,Odo,Collyear,ocollyear96@chicagotribune.com,Male,31/05/2022
332,Fionna,Kiellor,fkiellor97@dailymail.co.uk,Female,15/12/2021
333,Joelynn,Almeida,jalmeida98@nasa.gov,Female,05/08/2022
334,Shelba,Gosby,sgosby99@weibo.com,Female,18/12/2021
335,Celina,Valeri,cvaleri9a@ameblo.jp,Female,19/05/2022
336,Roman,Raft,rraft9b@e-recht24.de,Male,22/06/2022
337,Curtis,Barter,cbarter9c@state.tx.us,Male,19/01/2022
338,Vi,Gontier,vgontier9d@163.com,Female,17/12/2021
339,Ford,Blumire,fblumire9e@skyrock.com,Male,13/10/2022
340,Ambrose,Lusgdin,alusgdin9f@independent.co.uk,Male,26/10/2022
341,Jaymee,Morales,jmorales9g@technorati.com,Polygender,06/02/2022
342,Arri,Cumbers,acumbers9h@list-manage.com,Male,07/08/2022
343,Nahum,Thireau,nthireau9i@goo.gl,Male,10/11/2022
344,Briant,Hyatt,bhyatt9j@tumblr.com,Male,05/10/2022
345,Dani,Crampsy,dcrampsy9k@e-recht24.de,Female,17/07/2022
346,Uta,Carvill,ucarvill9l@jugem.jp,Female,25/04/2022
347,Charlotte,Petru,cpetru9m@weather.com,Female,12/05/2022
348,Ursulina,McGruar,umcgruar9n@economist.com,Female,29/01/2022
349,Orsola,Flukes,oflukes9o@ask.com,Female,09/07/2022
350,Adele,Shedd,ashedd9p@yahoo.co.jp,Female,03/12/2021
351,Modesty,Golde,mgolde9q@google.pl,Female,29/08/2022
352,Jennifer,Conman,jconman9r@issuu.com,Female,12/06/2022
353,Jammie,Lugden,jlugden9s@blogspot.com,Genderfluid,19/03/2022
354,Virgilio,Motten,vmotten9t@nba.com,Male,13/11/2022
355,Trixie,Havard,thavard9u@slideshare.net,Female,26/01/2022
356,Molly,Dowden,mdowden9v@about.com,Female,21/08/2022
357,Jo,Tilbury,jtilbury9w@microsoft.com,Male,12/04/2022
358,Sondra,Whitebrook,swhitebrook9x@paypal.com,Female,06/04/2022
359,Seamus,Pain,spain9y@slideshare.net,Male,01/09/2022
360,Vinny,Stratley,vstratley9z@elpais.com,Female,28/05/2022
361,Rosabel,Van Zon,rvanzona0@hhs.gov,Female,15/11/2022
362,Bertrando,Deinert,bdeinerta1@mashable.com,Bigender,27/03/2022
363,Gaultiero,Brandon,gbrandona2@constantcontact.com,Male,05/12/2021
364,Emilie,Dinsale,edinsalea3@sciencedirect.com,Female,21/08/2022
365,Parker,MacDearmid,pmacdearmida4@xinhuanet.com,Male,28/11/2021
366,Tabbi,Janda,tjandaa5@ezinearticles.com,Female,16/04/2022
367,Rori,Whartonby,rwhartonbya6@webeden.co.uk,Female,09/02/2022
368,Brocky,Eathorne,beathornea7@addtoany.com,Male,28/02/2022
369,Tiler,Hadingham,thadinghama8@usda.gov,Male,06/11/2022
370,Tirrell,Whitehair,twhitehaira9@quantcast.com,Male,21/12/2021
371,Dore,Westbury,dwestburyaa@domainmarket.com,Female,10/01/2022
372,Constancy,Ahmad,cahmadab@tamu.edu,Female,27/07/2022
373,Orion,Banaszkiewicz,obanaszkiewiczac@blogtalkradio.com,Male,30/01/2022
374,Milton,Bussy,mbussyad@bizjournals.com,Male,13/03/2022
375,Nappy,Carrodus,ncarrodusae@discuz.net,Male,01/04/2022
376,Adena,Keetley,akeetleyaf@plala.or.jp,Female,30/09/2022
377,Elbertina,MacDunleavy,emacdunleavyag@tamu.edu,Female,07/12/2021
378,Nicola,Hame,nhameah@cargocollective.com,Female,20/08/2022
379,Ambros,Daudray,adaudrayai@addthis.com,Male,21/06/2022
380,Herrick,Yaakov,hyaakovaj@nytimes.com,Male,27/05/2022
381,Sarine,Capenor,scapenorak@wordpress.org,Female,19/07/2022
382,Angel,Kinsley,akinsleyal@github.com,Female,20/07/2022
383,Margalo,Dee,mdeeam@yelp.com,Female,15/01/2022
384,Woodrow,Tumelty,wtumeltyan@spiegel.de,Male,16/11/2022
385,Margie,Skea,mskeaao@tmall.com,Female,21/02/2022
386,Tedi,Ofer,toferap@t-online.de,Female,28/09/2022
387,Nikoletta,Lewerenz,nlewerenzaq@wp.com,Polygender,11/02/2022
388,Charlene,Needs,cneedsar@cam.ac.uk,Female,23/01/2022
389,Dionis,Rowell,drowellas@psu.edu,Female,05/06/2022
390,Don,Hardern,dhardernat@symantec.com,Male,09/03/2022
391,Darby,Trevon,dtrevonau@github.com,Male,03/06/2022
392,Linnell,Labet,llabetav@seesaa.net,Female,27/03/2022
393,Sally,Beckenham,sbeckenhamaw@mayoclinic.com,Female,09/04/2022
394,Morie,Byway,mbywayax@wired.com,Male,02/02/2022
395,Cymbre,McGuigan,cmcguiganay@un.org,Female,09/01/2022
396,Huntington,Brennenstuhl,hbrennenstuhlaz@tiny.cc,Male,21/08/2022
397,Ynes,Lazenby,ylazenbyb0@nbcnews.com,Agender,04/03/2022
398,Dav,Lawrenson,dlawrensonb1@jigsy.com,Non-binary,07/09/2022
399,Arline,Harlowe,aharloweb2@livejournal.com,Female,28/06/2022
400,Bradley,Saket,bsaketb3@woothemes.com,Male,26/11/2021
401,Lexy,Northing,lnorthingb4@lycos.com,Female,22/09/2022
402,Carolina,Petracek,cpetracekb5@wsj.com,Female,29/05/2022
403,Burton,Mingame,bmingameb6@accuweather.com,Male,16/01/2022
404,Aundrea,Cuthbertson,acuthbertsonb7@ifeng.com,Female,23/09/2022
405,Myrtice,Fantin,mfantinb8@patch.com,Female,16/06/2022
406,Ciel,Boylan,cboylanb9@reverbnation.com,Female,09/08/2022
407,Dale,Ondracek,dondracekba@creativecommons.org,Female,06/02/2022
408,Dottie,Jubert,djubertbb@behance.net,Female,22/04/2022
409,Marlo,Fancet,mfancetbc@timesonline.co.uk,Male,09/05/2022
410,Oliver,Matussevich,omatussevichbd@homestead.com,Non-binary,29/08/2022
411,Keely,Fantham,kfanthambe@noaa.gov,Female,25/05/2022
412,Uri,Orgill,uorgillbf@fc2.com,Genderfluid,01/10/2022
413,Whitney,De Launde,wdelaundebg@quantcast.com,Female,21/01/2022
414,Pier,Smeuin,psmeuinbh@sfgate.com,Female,26/04/2022
415,Libbie,Keach,lkeachbi@skyrock.com,Female,22/11/2021
416,Phip,Micklewicz,pmicklewiczbj@posterous.com,Male,06/07/2022
417,Callean,Mullinder,cmullinderbk@si.edu,Male,15/11/2022
418,Charlot,O'Driscoll,codriscollbl@unblog.fr,Female,14/05/2022
419,Woodie,Seeborne,wseebornebm@wired.com,Male,11/09/2022
420,Roseanne,Speariett,rspeariettbn@soundcloud.com,Female,07/01/2022
421,Aggie,Spurdens,aspurdensbo@flickr.com,Female,12/08/2022
422,Dudley,Gillespie,dgillespiebp@spiegel.de,Male,30/10/2022
423,Desmund,Umpleby,dumplebybq@chron.com,Male,13/01/2022
424,Holly-anne,Peinton,hpeintonbr@shop-pro.jp,Female,29/12/2021
425,Carolin,Tollett,ctollettbs@blogs.com,Female,09/01/2022
426,Anya,Chevolleau,achevolleaubt@wikispaces.com,Female,12/01/2022
427,Nata,Shurey,nshureybu@msn.com,Female,31/05/2022
428,Marijo,Abbatucci,mabbatuccibv@xinhuanet.com,Female,29/11/2021
429,Justin,Livick,jlivickbw@mapy.cz,Male,12/09/2022
430,Valaree,Avesque,vavesquebx@people.com.cn,Female,22/10/2022
431,Raynell,Robiot,rrobiotby@cargocollective.com,Female,22/04/2022
432,Tessy,Slyde,tslydebz@de.vu,Female,16/10/2022
433,Else,Jillis,ejillisc0@nsw.gov.au,Female,02/01/2022
434,Noel,Shearman,nshearmanc1@theglobeandmail.com,Female,27/09/2022
435,Milton,Leah,mleahc2@eventbrite.com,Male,28/03/2022
436,Emmie,Wasson,ewassonc3@cocolog-nifty.com,Female,21/04/2022
437,Norry,Denyagin,ndenyaginc4@google.pl,Female,04/02/2022
438,Beatriz,Revell,brevellc5@theguardian.com,Female,02/12/2021
439,Berty,Culter,bculterc6@wikia.com,Male,24/07/2022
440,Shawn,Wishkar,swishkarc7@wikimedia.org,Male,22/06/2022
441,Kendal,Parradine,kparradinec8@mashable.com,Male,07/12/2021
442,Claudie,McCaig,cmccaigc9@networkadvertising.org,Female,03/11/2022
443,Oliviero,Rycraft,orycraftca@freewebs.com,Male,22/05/2022
444,Manolo,Lavelle,mlavellecb@constantcontact.com,Male,13/12/2021
445,Herschel,Kobierra,hkobierracc@salon.com,Polygender,04/07/2022
446,Claudia,Ilchenko,cilchenkocd@topsy.com,Female,25/12/2021
447,Antin,Mountjoy,amountjoyce@simplemachines.org,Male,30/06/2022
448,Melonie,Athowe,mathowecf@addthis.com,Female,19/05/2022
449,Gardener,Paskell,gpaskellcg@mlb.com,Male,16/06/2022
450,Coleen,Davenall,cdavenallch@constantcontact.com,Female,13/12/2021
451,Hillyer,Doerling,hdoerlingci@marriott.com,Male,06/08/2022
452,William,Adenot,wadenotcj@uiuc.edu,Male,11/12/2021
453,Eloise,Tebb,etebbck@google.com.hk,Bigender,24/10/2022
454,Elset,Lemmer,elemmercl@google.cn,Female,23/12/2021
455,Keelia,Coney,kconeycm@nsw.gov.au,Genderqueer,12/12/2021
456,Thorin,Ailward,tailwardcn@ucla.edu,Male,09/01/2022
457,Seymour,Hallows,shallowsco@shop-pro.jp,Male,24/02/2022
458,Erasmus,Birkett,ebirkettcp@usa.gov,Male,08/12/2021
459,Barty,Conford,bconfordcq@deliciousdays.com,Male,22/09/2022
460,Hercule,Cocci,hcoccicr@sourceforge.net,Male,21/07/2022
461,Nikolaus,Fayer,nfayercs@usatoday.com,Genderqueer,24/10/2022
462,Peadar,Midghall,pmidghallct@chicagotribune.com,Male,07/11/2022
463,Hillard,Brunon,hbrunoncu@webs.com,Male,10/04/2022
464,Melonie,Ivamy,mivamycv@jiathis.com,Genderqueer,10/09/2022
465,Christin,Thorp,cthorpcw@ihg.com,Female,21/02/2022
466,Boniface,Hollindale,bhollindalecx@baidu.com,Male,28/05/2022
467,Al,Starrs,astarrscy@biglobe.ne.jp,Male,28/07/2022
468,Barrett,Keyzor,bkeyzorcz@ihg.com,Male,02/01/2022
469,Celene,Lowdeane,clowdeaned0@webnode.com,Female,12/06/2022
470,Konstanze,Leipold,kleipoldd1@slate.com,Female,01/01/2022
471,Georgetta,Saffran,gsaffrand2@patch.com,Polygender,03/07/2022
472,Hagan,Ludlem,hludlemd3@com.com,Male,01/12/2021
473,Norri,Mityashev,nmityashevd4@ebay.co.uk,Female,19/08/2022
474,Reamonn,Kyme,rkymed5@zimbio.com,Male,16/03/2022
475,Fara,Torrecilla,ftorrecillad6@alexa.com,Female,26/11/2021
476,Marlie,Hullock,mhullockd7@amazon.co.jp,Female,06/01/2022
477,Marin,Crathern,mcrathernd8@cyberchimps.com,Female,28/07/2022
478,Saudra,Picard,spicardd9@theglobeandmail.com,Female,13/06/2022
479,Court,Loins,cloinsda@imgur.com,Male,07/07/2022
480,Bondy,Bricksey,bbrickseydb@de.vu,Male,06/06/2022
481,Ofelia,Andrin,oandrindc@51.la,Female,10/01/2022
482,Andriette,Theriot,atheriotdd@csmonitor.com,Female,13/09/2022
483,Guglielmo,Van der Kruis,gvanderkruisde@posterous.com,Male,10/03/2022
484,Mattheus,Marguerite,mmargueritedf@themeforest.net,Male,18/04/2022
485,Mindy,De Mattia,mdemattiadg@zdnet.com,Female,28/11/2021
486,Xenos,Pasek,xpasekdh@nymag.com,Male,08/01/2022
487,Valli,Ickovici,vickovicidi@diigo.com,Female,31/01/2022
488,Leila,Tomlins,ltomlinsdj@rediff.com,Female,03/09/2022
489,Hanan,Haukey,hhaukeydk@livejournal.com,Male,11/06/2022
490,Chauncey,Prichet,cprichetdl@senate.gov,Male,17/10/2022
491,York,Learman,ylearmandm@omniture.com,Male,24/09/2022
492,Keary,Symcock,ksymcockdn@vkontakte.ru,Male,30/01/2022
493,Henrik,Linacre,hlinacredo@thetimes.co.uk,Male,06/04/2022
494,Haskel,Dumbelton,hdumbeltondp@oaic.gov.au,Male,24/01/2022
495,Moshe,Ryan,mryandq@forbes.com,Male,24/07/2022
496,Domini,Sabatini,dsabatinidr@ftc.gov,Female,04/05/2022
497,Artus,Moran,amorands@privacy.gov.au,Male,10/04/2022
498,Desmund,Robe,drobedt@globo.com,Bigender,15/12/2021
499,Ynes,Sporrij,ysporrijdu@cbc.ca,Female,28/09/2022
500,Lani,Seamark,lseamarkdv@ocn.ne.jp,Genderfluid,12/03/2022
501,Harlene,Le Grand,hlegranddw@rakuten.co.jp,Female,17/08/2022
502,Birdie,Frisdick,bfrisdickdx@discuz.net,Female,23/03/2022
503,Calla,MacIan,cmaciandy@rediff.com,Female,19/11/2022
504,Karissa,Peckitt,kpeckittdz@marriott.com,Female,29/09/2022
505,Abdul,Randleson,arandlesone0@mlb.com,Male,11/05/2022
506,Bartholomeus,Biner,bbinere1@telegraph.co.uk,Male,08/08/2022
507,Deane,Sinnatt,dsinnatte2@squarespace.com,Female,12/04/2022
508,Mona,Cumo,mcumoe3@blogs.com,Female,18/10/2022
509,Aguie,Wytchard,awytcharde4@macromedia.com,Male,17/01/2022
510,Wynn,Keneforde,wkenefordee5@oaic.gov.au,Male,22/11/2021
511,Veriee,Ivanyushin,vivanyushine6@google.co.jp,Female,12/07/2022
512,Allina,Marusyak,amarusyake7@telegraph.co.uk,Female,12/07/2022
513,Hilarius,Masser,hmassere8@gravatar.com,Male,28/12/2021
514,Jimmie,Anstey,jansteye9@blog.com,Male,18/12/2021
515,Albertina,Saunders,asaundersea@dyndns.org,Agender,22/12/2021
516,Derrik,Broomhead,dbroomheadeb@samsung.com,Male,30/06/2022
517,Caron,Gravenall,cgravenallec@europa.eu,Female,21/03/2022
518,Enid,Vasovic,evasoviced@opensource.org,Female,30/01/2022
519,Jarrid,Tupper,jtupperee@nationalgeographic.com,Non-binary,23/08/2022
520,Myrtle,Loche,mlocheef@gizmodo.com,Female,23/09/2022
521,Letizia,Lasseter,llassetereg@ehow.com,Genderfluid,15/12/2021
522,Ellwood,Shoutt,eshoutteh@ox.ac.uk,Male,12/04/2022
523,Christen,Eite,ceiteei@rakuten.co.jp,Female,08/05/2022
524,Margalo,Rallinshaw,mrallinshawej@economist.com,Female,05/09/2022
525,Lucila,Lathy,llathyek@twitter.com,Female,06/03/2022
526,Kimberli,Smeeton,ksmeetonel@nsw.gov.au,Female,29/07/2022
527,Bryon,Mayzes,bmayzesem@yellowbook.com,Male,18/11/2022
528,Arielle,Mapston,amapstonen@hud.gov,Female,17/03/2022
529,Flory,Paik,fpaikeo@eepurl.com,Male,15/10/2022
530,Shepherd,Pirdy,spirdyep@wiley.com,Male,06/06/2022
531,Nicolina,Babon,nbaboneq@thetimes.co.uk,Female,11/03/2022
532,Tandy,Godar,tgodarer@google.pl,Female,17/03/2022
533,Francisca,Birley,fbirleyes@mit.edu,Female,15/06/2022
534,Ernst,Lowry,elowryet@trellian.com,Male,25/06/2022
535,Cloris,Seatter,cseattereu@icq.com,Genderqueer,31/03/2022
536,Hannie,Pill,hpillev@multiply.com,Female,31/05/2022
537,Donetta,Danzelman,ddanzelmanew@statcounter.com,Polygender,28/12/2021
538,Brien,Bosnell,bbosnellex@rakuten.co.jp,Male,13/06/2022
539,Vivian,Rontree,vrontreeey@bigcartel.com,Female,16/03/2022
540,Hershel,Mackett,hmackettez@technorati.com,Male,16/09/2022
541,Danielle,Baddow,dbaddowf0@sun.com,Female,15/01/2022
542,Emmalee,Staddart,estaddartf1@myspace.com,Female,18/01/2022
543,Ellyn,Lindeboom,elindeboomf2@howstuffworks.com,Female,09/02/2022
544,Avis,Bosomworth,abosomworthf3@gizmodo.com,Female,01/06/2022
545,Erek,Campbell,ecampbellf4@purevolume.com,Male,22/10/2022
546,Giffer,Yelden,gyeldenf5@tumblr.com,Male,29/07/2022
547,Justine,McKain,jmckainf6@nydailynews.com,Non-binary,08/05/2022
548,Garland,Dobbyn,gdobbynf7@hugedomains.com,Female,08/08/2022
549,Ty,Kerin,tkerinf8@usnews.com,Agender,04/12/2021
550,Anthea,Wabb,awabbf9@vk.com,Female,04/02/2022
551,Teirtza,Rickardes,trickardesfa@goo.ne.jp,Female,26/01/2022
552,Daphne,Stucksbury,dstucksburyfb@shutterfly.com,Female,04/05/2022
553,Gabi,Luthwood,gluthwoodfc@spiegel.de,Male,06/01/2022
554,Andres,De'Vere - Hunt,adeverehuntfd@hatena.ne.jp,Male,09/02/2022
555,Gustavo,Lattimore,glattimorefe@comcast.net,Male,05/08/2022
